-9,-5,6,-14,0,-5,12,5,-5,13,2,2,-7,1,-2,8,5,7,-1,1,-7,0,-2,5,-1,-6,1,-6,0,4,-4,0,1,-2,3,6,3,-1,1,-3,1,0,9,2,-4,0,-2,2,1
0,0,0,0,2,-1,0,0,-1,-6,-1,2,0,0,1,0,0,-3,-5,-10,5,-6,2,-33,0,11,7,2,3,-6,-1,1,5,8,5,6,-7,-2,-1,1,0,-4,1,0,-3,-4,0,-3,0
0,2,-5,-1,2,5,0,1,-1,1,1,2,-3,2,-3,1,-1,-1,2,-7,3,0,-5,7,-3,3,1,2,10,5,0,1,1,5,12,-3,-8,6,0,0,0,3,0,0,-11,0,2,-3,1
-23,18,-6,-15,-17,-12,4,25,-10,-17,14,5,7,16,7,-16,-5,10,-8,-23,-33,8,-28,-8,-10,-10,37,4,14,12,-6,-18,15,5,-6,-18,-17,9,-24,17,15,14,-13,-2,-1,32,25,2,1
9,5,3,-8,-8,5,7,0,-5,0,-8,11,-4,-4,-10,-19,0,10,9,-2,3,4,7,-7,6,-2,0,2,-1,8,4,2,-5,-2,-9,0,0,0,0,-6,-3,-7,-5,-1,10,3,-3,-4,1
0,6,0,1,1,-7,3,0,0,1,-2,-6,4,-2,3,0,-1,-2,1,4,0,0,0,1,-7,0,0,1,0,0,1,0,3,4,1,0,0,1,-1,0,-1,-1,3,0,0,-1,1,0,0
-1,2,5,0,-5,1,0,0,-4,1,1,0,0,1,0,0,-1,0,1,-3,-6,1,1,1,0,-2,0,0,2,-2,0,1,0,1,1,0,1,2,-1,2,1,-2,0,1,3,2,1,0,1
1,1,17,15,9,9,8,5,-7,-1,9,0,7,13,-2,9,3,0,-4,3,4,2,-2,0,-3,-4,-16,-7,28,-11,-5,10,-1,-4,-4,0,8,5,4,14,21,1,-12,2,-1,-5,-11,-12,1
0,1,-2,0,0,0,0,0,-1,-2,0,0,-3,-2,2,0,4,2,0,0,0,0,2,1,0,1,1,1,5,0,0,-6,3,2,0,0,0,-4,-2,2,0,0,0,-1,-3,0,2,0,1
1,1,3,-12,-11,0,1,1,0,3,1,0,-5,0,2,-4,-1,-1,-5,4,7,0,0,2,-2,-1,-19,-16,-8,3,11,10,-3,-1,-2,1,0,-5,1,0,-1,5,2,0,1,0,1,7,1
5,4,2,-4,-3,3,-3,-1,6,0,-2,2,4,0,-1,-5,-6,6,-3,-2,0,5,2,-2,2,2,0,-1,2,-4,-1,0,-1,5,10,0,6,-4,-3,1,1,-3,-3,-3,-7,-10,0,-1,1
0,-1,0,-7,-4,2,-13,0,0,8,6,-2,1,0,0,4,4,4,7,10,-5,7,1,-5,-1,-1,2,4,0,1,-2,-18,-15,6,-3,-5,-10,-1,-2,16,-7,7,9,-1,-6,4,0,-8,0
-11,1,0,0,-11,4,4,2,-3,6,4,-5,-2,0,-1,-1,6,8,4,-3,-4,-4,4,0,5,-5,1,-5,-5,3,2,-1,-3,3,0,-1,0,1,-2,-7,-8,7,4,1,-2,3,3,1,1
0,-3,1,7,0,-2,-8,1,-2,0,2,4,1,-1,4,3,2,2,-1,-1,-1,0,2,0,-5,2,1,1,6,6,0,0,0,-1,-2,-2,-2,5,0,2,0,0,-4,4,3,12,9,-5,1
2,-13,3,-13,4,-3,5,8,0,-6,-11,3,-1,4,5,3,2,-11,9,7,1,-6,-4,7,4,-4,2,5,3,-2,0,-2,-3,-1,6,1,-3,0,2,2,2,7,0,2,-5,-10,5,0,0
-3,-3,-2,7,0,-1,0,5,-1,4,10,5,-3,-7,-6,-19,-4,-36,0,3,11,4,8,-7,-9,-2,11,-22,6,6,-2,-12,-4,12,9,-2,10,-3,0,7,-1,-3,-5,-1,0,-5,0,8,0
-4,-18,11,1,0,7,7,3,9,-9,-1,7,-5,0,1,1,0,-1,-11,0,11,3,-1,-2,-2,-1,0,-14,-2,-8,2,-7,6,11,-6,0,6,-2,-2,0,6,5,-15,-5,-15,-12,10,-6,1
0,13,-9,3,0,-8,-9,21,18,4,-11,1,4,10,4,-3,-11,-1,1,1,-20,-3,7,-3,7,3,-9,-16,-3,-6,-20,-20,5,0,-4,-23,10,-3,-3,2,8,-13,4,18,11,0,-11,-4,0
9,7,0,6,5,-9,0,3,3,1,15,1,-15,-5,11,0,3,4,-6,-26,-23,-11,13,3,-9,-9,-10,17,13,-11,5,-20,3,10,0,4,10,13,1,-9,3,-2,-7,9,7,0,-4,0,1
-1,-8,0,4,0,-4,1,-1,2,4,0,-8,3,1,0,-6,0,0,1,-1,2,0,0,4,2,6,6,11,3,-6,-3,4,-1,-1,0,0,-6,-1,0,4,4,0,0,3,0,1,-5,-3,1
0,0,0,0,0,-1,0,0,0,-1,0,0,0,0,4,6,4,0,0,0,0,0,0,4,6,7,0,0,0,0,3,0,5,-2,-3,-2,2,1,-1,0,-1,-2,1,4,5,5,-1,1,1
-4,-4,-1,2,-6,-11,2,-2,0,-6,-12,1,-8,-11,2,7,0,1,-1,-10,5,-3,0,9,-1,-1,6,2,2,3,1,-3,-1,9,12,13,-5,3,-1,1,-1,-4,-1,0,5,0,-3,-5,0
2,1,4,3,1,5,11,10,0,10,14,-12,-11,5,1,8,12,4,0,8,-2,8,5,-6,6,6,2,8,18,-6,-24,-17,15,4,-17,-14,4,-23,-31,-56,8,36,-11,21,23,-26,-19,-1,1
4,14,5,0,-1,7,5,1,2,-3,-2,3,-4,1,1,-1,0,-4,7,5,0,2,3,0,-1,-4,0,3,-2,3,3,1,0,0,-3,3,-2,0,4,6,0,2,2,2,0,-2,-8,1,1
0,3,0,-1,-11,-2,-1,0,-15,-8,2,7,-7,5,8,4,-4,1,-3,-9,-2,0,-13,11,0,10,-2,0,7,11,0,6,-4,-3,0,4,-3,-10,-1,-6,8,-4,1,0,9,0,3,5,0
0,-1,-2,-1,0,0,0,0,0,0,0,1,0,0,1,0,0,1,-2,0,0,0,0,-1,0,0,0,0,0,1,0,0,0,0,0,0,2,0,1,0,1,-1,1,0,0,0,0,0,1
2,-1,-4,-1,2,2,-3,0,0,0,4,0,0,0,0,-9,-6,9,0,0,-1,-6,1,2,0,1,4,0,-4,2,0,0,-3,1,-3,0,2,-2,1,0,0,1,0,-1,1,-4,-6,-4,1
2,0,1,-1,0,0,0,-1,0,1,0,0,-1,0,-3,1,1,1,0,0,-2,0,1,0,0,1,2,0,-1,0,0,0,0,0,-1,0,0,0,0,0,2,0,0,0,0,0,-1,0,1
5,0,-12,7,19,18,-2,0,5,-3,-4,7,6,-6,-16,-7,-5,8,-13,-9,4,-19,3,6,-6,2,-1,1,15,4,-4,8,5,11,-3,-4,-8,0,-4,8,-4,-7,-4,-4,5,4,7,-9,0
1,0,-1,0,0,0,-1,0,0,1,-1,0,1,0,4,6,2,4,2,0,1,2,-1,0,0,-3,0,3,-3,-8,-1,-8,1,0,-2,0,0,3,2,-1,-4,0,6,0,2,2,0,4,0
-1,-16,-7,-5,2,7,1,-3,0,-2,8,0,0,3,-3,-8,0,0,-2,0,1,19,0,2,3,0,-3,-2,-1,-2,2,0,-7,-4,0,0,-2,-1,2,3,3,-6,3,1,-3,2,4,1,1
0,-1,1,0,-3,3,0,0,0,-2,0,-1,-5,2,1,-1,-3,-2,2,0,2,1,0,2,0,-2,-2,2,1,0,4,1,-1,-3,0,0,0,-1,-1,-1,0,-1,-3,3,-4,-3,-2,-1,0
0,-4,2,0,-1,0,0,-1,2,0,0,4,1,-1,0,0,-6,-5,0,-10,-6,1,1,2,2,-8,-2,3,0,0,0,2,-3,0,-1,0,-1,-1,1,1,0,0,4,1,-1,3,-1,-1,1
0,2,9,0,0,7,-15,3,2,0,1,-3,0,9,3,13,0,-2,0,4,1,-8,9,-2,8,7,10,3,2,-6,2,5,0,0,-3,-2,2,0,-3,-4,-5,7,3,9,4,-1,4,1,0
-1,-1,2,-1,-1,1,3,4,-3,0,2,-5,-4,0,2,0,1,-3,0,6,0,-2,14,6,10,1,3,-7,5,-1,3,0,-2,3,-3,3,-2,-9,-5,3,2,-5,-5,1,1,7,1,0,0
-1,1,0,0,-2,1,-1,6,5,1,-3,-4,-4,-3,1,-3,6,3,0,-1,-2,4,1,1,6,3,-1,-5,0,-5,-1,7,2,0,0,0,-1,2,0,0,0,1,0,-2,0,0,2,-2,1
-8,-9,0,7,9,-8,9,4,-1,0,0,3,-3,0,0,-4,0,14,-37,-7,10,13,-11,5,-19,-52,-83,26,-9,3,13,21,-6,-30,10,0,15,0,-19,0,4,6,0,0,10,21,10,-13,0
11,4,-7,-3,-10,-8,-12,13,0,2,-20,3,-6,-10,10,0,8,10,-8,3,2,4,-4,10,5,-5,-15,-7,2,7,-5,-21,-2,4,-2,15,5,1,-4,2,0,6,0,-9,-5,12,13,-2,1
1,6,5,3,8,8,5,3,-2,-3,0,2,11,2,6,-2,1,0,2,4,6,10,-10,4,0,4,2,-6,7,3,-1,-9,-6,6,6,0,3,4,11,8,2,0,1,0,13,20,-9,8,1
6,12,-5,1,-4,0,-3,-4,3,-5,2,4,5,-4,0,11,11,7,-4,2,-2,0,5,13,-3,-3,1,-10,5,-1,-10,-5,8,6,-5,5,-2,0,1,-6,-1,0,4,4,7,2,-5,2,0
2,-4,-2,-7,3,3,3,4,2,6,5,-1,7,9,3,2,-16,1,-1,6,1,0,-4,4,2,-12,3,3,7,0,8,9,2,9,-18,8,5,0,-1,4,-15,-15,5,5,0,7,0,8,1
0,0,0,0,0,0,0,0,0,1,-1,0,0,0,-1,1,0,1,0,0,2,2,1,2,1,-1,-4,3,-1,0,0,0,4,3,-2,2,-3,0,2,0,0,0,0,-1,0,0,0,0,1
-3,2,5,2,-2,-2,0,-1,4,1,-3,0,1,0,-6,0,0,0,-5,-4,-7,3,3,0,-1,5,0,1,0,-2,0,1,2,1,0,0,0,-1,-1,-2,-2,3,0,1,0,1,1,0,1
0,-11,-2,1,7,1,-4,-6,-5,10,3,-2,2,-1,1,5,0,-6,-7,3,3,5,-4,-1,-1,-1,3,0,0,-15,-18,-6,-5,-7,13,-8,2,-1,-11,-1,-9,9,12,-5,0,-5,-6,0,0
4,-9,2,1,1,-5,-10,-3,-8,-2,14,5,1,0,-3,-1,6,7,-6,-1,-1,1,1,4,4,3,-1,-5,-9,1,-9,0,-3,-5,-9,-3,2,-11,-7,5,13,4,-4,5,2,-15,-9,2,1
-2,-3,3,-2,-1,1,3,2,6,0,-3,1,0,2,8,-1,2,-1,-4,0,0,-1,5,-4,1,-1,-6,1,5,0,4,22,1,3,-2,0,0,0,4,13,22,-1,-6,4,-7,4,1,0,0
3,4,3,-12,0,5,-6,2,3,0,5,7,8,6,0,-3,1,8,-8,-5,2,-8,-8,-1,9,6,-1,4,0,-2,-8,7,3,-1,2,0,-8,-2,5,-6,0,-7,3,5,1,-1,-1,-2,0
-1,0,-2,-8,0,7,15,-13,12,1,4,10,20,-2,-10,-4,9,-9,10,10,5,0,-2,-5,5,8,0,8,1,5,-2,-3,-3,-3,5,-7,-4,12,-7,-3,-7,-1,-1,-5,-1,0,1,4,1
4,3,2,-1,0,3,0,5,4,-4,4,1,6,5,-1,5,-8,-9,3,2,-3,6,5,-1,-1,-5,-8,-4,1,1,0,-4,-6,4,-2,-6,-21,-1,-2,9,0,5,1,4,-1,-1,-5,2,0
8,8,10,13,1,9,6,2,1,-8,-9,19,18,5,-12,2,1,5,3,5,9,11,-11,11,4,7,-8,6,3,1,-15,-6,-20,-54,-44,-10,38,15,-7,-36,21,0,24,-1,-1,-24,-43,-13,0
12,4,0,-2,-3,0,2,-3,11,1,1,0,0,-9,0,-1,3,3,-6,-12,0,0,-3,0,-5,8,-17,-12,-6,5,0,2,7,1,2,5,-7,2,0,8,0,-1,-4,11,5,0,3,-1,0
1,0,4,5,1,-2,-3,-3,0,0,-5,1,3,3,0,-2,-1,-2,0,-2,0,-1,4,1,0,-6,2,2,-1,3,1,1,0,-1,0,0,1,-1,0,0,3,-1,-2,0,-2,0,0,-1,1
-1,1,0,0,0,-1,-5,0,1,1,1,0,0,0,0,0,2,6,0,-3,-1,3,5,3,3,-2,4,-4,-1,1,4,1,-3,-1,1,1,3,3,-2,-1,2,0,-1,0,12,5,2,0,0
-2,0,3,0,1,0,-2,0,-1,1,1,-4,-22,-1,2,4,-1,2,0,-1,-2,4,1,2,0,-1,-1,-2,-1,-11,1,-5,3,0,-16,-1,6,1,2,5,-4,1,1,0,3,0,-2,-3,0
0,1,-1,0,0,2,0,0,-2,-3,-3,-1,0,0,1,1,2,4,0,0,-5,0,1,0,0,-2,-4,4,3,-1,0,-1,-5,0,2,0,0,1,1,-1,-2,0,-1,0,0,-2,2,1,0
-4,-8,11,0,6,2,1,0,-3,6,3,0,2,4,3,1,5,4,8,-9,0,3,0,8,6,4,-21,2,2,1,5,-1,-2,1,0,9,4,0,-1,-5,0,-24,4,-9,11,6,0,-2,1
-3,3,-10,-11,-6,10,9,-2,-9,9,9,10,-1,0,3,-7,1,-5,0,-2,5,-2,4,3,2,-4,-7,-4,-3,1,2,0,0,0,-11,0,-1,-6,0,17,1,-1,0,-1,3,5,3,-2,0
3,1,0,0,-2,-4,-3,0,2,0,0,4,2,0,-2,1,3,1,0,-1,1,1,0,1,-4,0,3,0,-1,0,0,0,2,5,0,0,0,0,1,0,-1,0,3,5,-1,2,-4,2,1
0,-1,-1,-1,0,0,0,0,-4,0,-2,9,1,0,0,1,6,6,0,1,-1,-1,-2,-7,1,0,0,2,0,1,0,0,0,0,0,0,0,0,-1,0,0,0,2,0,0,1,0,-3,1
3,1,0,0,0,0,-2,0,1,0,0,0,0,1,0,1,2,2,0,-1,3,0,0,0,0,0,0,0,3,0,3,2,1,1,5,-3,-4,0,0,0,2,5,-1,-4,0,2,0,0,1
-2,4,-2,0,0,-1,0,1,0,1,0,1,-3,-3,-1,-1,1,2,-1,0,0,-3,-1,0,0,1,5,1,-1,0,-3,0,-1,0,1,3,0,-1,0,0,1,-2,1,1,6,9,8,-2,1
0,1,0,-1,1,-2,-2,0,7,2,-6,0,-3,-2,0,2,0,-1,-3,3,-28,-27,-7,-7,6,10,-7,3,3,-7,-6,2,-1,-27,-27,-27,26,9,-14,-8,19,7,13,0,-5,-9,14,3,1
0,0,0,0,0,-1,1,1,0,3,0,0,0,0,0,0,0,0,0,2,0,0,1,2,0,-1,0,1,1,4,0,1,0,0,0,-3,-2,1,0,-2,0,1,-1,-1,-3,-2,-2,2,0
7,4,8,10,-5,10,14,-4,-10,10,-14,5,4,11,11,2,3,0,5,-14,-20,9,-3,-28,0,-14,6,15,4,-2,10,7,3,5,-13,-7,9,3,-8,-11,10,0,7,10,6,-3,-6,-3,1
-4,1,-5,4,4,1,10,11,5,-6,-5,4,4,-1,1,10,0,12,1,-3,5,2,-13,-6,0,2,-9,1,-4,11,2,6,-3,-1,-4,0,7,0,-2,-4,1,-6,-7,-6,6,3,-4,0,1
0,-4,-1,2,-1,0,1,0,-10,-10,-5,3,0,-11,-3,7,5,-1,-2,3,0,-5,7,2,0,0,4,4,-6,-1,-4,5,0,-1,-1,-2,-6,1,0,6,-3,-3,4,-1,-1,5,0,-3,1
-5,3,3,-3,-4,-1,0,1,1,0,-1,-2,0,0,-4,1,0,-1,-2,1,1,0,-1,-2,0,1,2,1,3,0,-2,1,1,3,0,1,1,1,-1,-2,0,0,-1,4,-2,0,0,1,1
-2,-6,1,-4,-1,4,4,-6,3,0,1,-6,0,3,3,4,3,1,5,3,3,0,-4,4,5,0,-4,1,-7,0,0,4,-3,-3,-1,-3,-9,0,-11,-4,7,0,2,3,-1,3,6,0,1
-3,0,-8,-5,0,5,0,5,1,-2,-2,1,4,4,0,11,5,-2,8,2,4,-2,-2,-5,4,0,0,-7,2,6,2,-2,-2,0,4,17,12,6,0,-2,-3,3,0,13,4,-15,10,-3,0
2,-4,-4,-6,10,5,6,-1,-6,4,-2,5,2,4,0,7,10,-4,-11,1,-1,3,2,3,-1,-2,-2,1,0,-2,3,-1,-2,1,1,2,0,4,2,-5,-1,0,3,2,-1,0,-4,-2,1
10,2,5,3,0,-5,-7,4,4,-4,-4,-3,0,2,2,1,0,0,0,5,0,0,9,8,-2,-3,-5,4,0,-4,-2,-12,6,7,-1,6,6,6,-1,-6,1,2,1,-3,-1,0,0,-1,1
1,0,0,1,16,7,-4,0,5,2,-2,-2,1,-1,-1,1,-2,-1,2,-1,-1,4,0,-1,-1,3,3,-3,19,19,-3,1,7,-3,-7,0,0,4,-2,3,0,4,-3,4,0,-5,-1,-2,0
1,4,0,3,1,8,4,0,-2,2,5,0,-2,3,0,1,-4,-4,-1,3,-6,0,4,0,2,-2,1,1,0,-3,-8,-1,-1,-5,3,1,3,-1,-5,0,-2,5,1,1,2,0,3,0,1
-2,2,0,0,0,0,0,-4,-3,0,0,4,-1,-1,-2,-4,3,0,-1,0,1,0,-2,2,1,4,1,0,1,0,4,0,0,0,0,0,4,0,-5,1,0,0,0,1,-3,3,0,1,1
-1,-6,-4,-6,1,0,4,-7,1,4,2,2,-6,-2,-5,0,0,5,7,7,1,0,3,-1,1,4,4,0,-2,-1,-1,1,1,-4,-6,0,2,-3,1,-1,-4,-1,0,5,5,0,0,-1,0
2,3,0,-4,-2,-10,-10,11,0,-3,-1,9,11,6,8,-6,-2,0,6,7,7,9,5,-11,-4,5,-6,-7,0,10,0,2,8,-3,0,0,14,4,7,-3,-1,2,9,-4,2,-24,0,3,0
7,8,4,3,-7,3,4,3,-11,6,-12,-2,6,-1,-1,0,-5,-7,4,3,4,2,-6,-4,-5,3,-1,0,5,4,0,-3,-2,6,1,-5,0,-5,2,5,7,0,-3,-3,6,-5,-4,5,1
0,1,0,0,-1,0,0,0,3,2,0,0,1,0,1,0,0,0,0,-1,1,1,0,0,1,0,3,0,0,6,0,3,4,0,2,0,0,-1,-4,-2,-6,-5,3,2,3,-1,-4,-2,1
-3,0,0,2,-7,-13,-4,-20,4,-2,5,12,7,-2,0,5,8,2,-2,2,0,-2,0,2,3,0,-1,0,0,8,3,0,0,-6,1,0,0,-3,0,-16,1,1,7,-6,-8,-10,7,0,1
1,0,0,0,0,0,-8,0,0,-1,0,1,2,0,0,0,2,0,0,-1,1,0,1,0,0,0,0,0,1,0,0,5,0,3,0,0,0,0,-3,-1,0,0,2,2,0,0,0,-2,0
9,0,0,-4,-5,2,1,1,0,-4,1,0,0,-3,2,0,7,4,-4,0,-2,-3,4,-2,3,0,1,1,2,0,-3,0,3,-1,3,6,2,-3,0,0,1,1,2,0,-8,-4,2,2,0
-3,-5,0,12,7,6,7,-3,-3,-8,3,-2,-8,-4,4,-6,-1,1,-11,-10,0,-4,-4,-12,-11,-6,6,22,-3,-11,19,1,-4,16,1,-5,-11,-3,-6,-12,10,-8,-5,9,8,16,4,-15,1
-1,0,0,1,3,0,1,0,0,1,0,-2,0,0,0,0,0,1,-2,0,0,1,1,0,0,0,0,0,1,0,1,0,0,0,-1,0,-1,0,1,1,0,-1,1,0,1,0,0,0,1
-7,-3,10,5,0,-4,1,0,5,0,0,-3,-2,-2,-3,5,5,1,-1,8,0,4,-2,0,-7,1,1,7,2,-2,-3,-5,0,1,-2,0,0,0,-2,-3,6,6,0,3,1,0,-1,-2,1
1,0,-2,0,0,0,0,-1,0,0,0,0,0,0,0,0,0,0,0,0,2,4,3,0,0,-1,-1,0,0,0,0,0,1,6,9,-5,5,2,-1,0,2,1,1,1,0,0,-5,0,1
-3,-5,-6,1,1,3,-1,-2,6,5,3,0,1,2,-4,0,0,9,1,5,-7,-3,2,3,7,-4,-1,1,-3,-6,-7,0,3,2,0,3,-4,-14,-12,-4,2,0,-19,4,-3,5,0,8,0
7,3,8,0,-12,2,0,7,-2,-1,5,-1,3,6,0,-4,2,3,3,2,6,15,4,-37,-3,16,12,9,-3,-10,2,4,-4,-9,-10,7,-5,-7,4,6,13,4,-3,3,0,-3,-1,-1,1
-1,-1,-7,4,-3,-8,0,3,-3,5,2,0,-1,-1,-5,-18,-10,-2,-2,1,5,9,2,-1,-8,-3,-1,-20,-22,4,-3,0,10,2,-11,0,-15,0,0,17,-10,0,2,6,-3,6,13,3,0
0,0,0,0,0,0,0,-1,0,1,-1,0,0,1,0,0,-1,-4,1,0,-4,0,1,0,0,-4,-1,-13,6,4,2,0,3,3,0,-1,0,0,3,1,0,0,2,0,-1,0,-2,-2,1
1,0,6,0,-1,-3,-1,0,1,0,0,-1,2,-2,-1,0,0,0,1,0,-2,-1,-2,2,0,0,0,1,13,11,4,6,5,-2,-4,4,-1,10,1,-4,-3,-6,1,0,7,0,0,-3,1
0,-1,-2,0,3,0,1,0,2,0,6,-3,0,0,4,3,0,2,1,3,2,7,9,-4,5,2,1,4,-21,12,0,2,2,3,15,8,9,0,-9,-16,15,-10,-14,-5,17,14,3,-9,0
-3,-14,7,6,0,-58,-5,-8,9,10,-23,-22,0,8,10,5,-9,0,11,9,-5,-33,-5,8,3,13,10,0,-10,12,12,-7,-7,-6,-12,3,-3,-16,3,10,7,-6,-4,4,10,9,-4,15,0
0,-7,0,0,-6,8,-5,2,1,-7,-1,3,3,2,-1,5,0,-4,-1,-3,-13,-23,14,-1,5,0,-1,-1,-8,-4,4,2,0,4,1,3,0,0,0,2,4,6,0,-1,-2,-10,4,6,1
6,-7,-14,4,-6,7,2,2,1,0,4,-7,-12,-1,5,7,-9,-12,8,0,2,3,1,4,1,-6,0,0,-1,0,5,6,1,-4,4,2,2,1,2,0,2,6,7,0,-6,5,0,-4,1
2,1,0,2,-1,-2,-8,-7,-12,6,-7,-10,5,-11,-7,7,9,10,0,3,3,7,-11,1,0,-4,1,1,-5,-7,-3,-4,3,5,1,-5,3,-2,-4,-1,-12,-6,0,1,-7,1,-2,-1,1
7,-11,-7,7,-6,-9,1,-1,-2,-5,-10,-2,-4,10,17,3,-5,12,8,-4,1,-5,-8,0,-5,11,0,5,0,-2,28,16,7,-6,1,-3,-5,1,5,-1,5,4,0,-1,-6,3,5,5,0
1,0,1,0,2,-3,0,0,0,0,1,-3,1,0,3,0,-2,2,0,3,3,-1,-8,3,2,0,4,4,4,5,-2,0,0,1,0,-3,1,0,0,0,1,2,2,-1,1,-2,0,-2,0
0,-2,3,4,0,-1,1,1,2,0,0,-2,3,-23,7,8,1,-1,-3,5,-2,-1,-3,-6,-6,5,5,3,1,1,1,1,2,-3,0,1,0,-1,-3,0,-1,0,0,0,1,1,0,2,1
-12,-1,3,-4,-3,-9,-11,-15,9,5,-1,5,-8,-27,11,5,3,2,-14,11,0,7,6,12,-3,7,0,-4,5,8,0,-4,3,-5,-5,-7,-11,-7,6,2,-9,-3,-14,0,-15,7,-2,-14,0
2,-5,0,-2,0,2,2,1,-2,0,0,0,0,2,-2,3,-2,1,0,-1,0,0,1,0,0,0,0,0,0,1,3,-6,-3,1,3,0,0,0,0,-2,-1,0,0,1,0,0,0,-4,0
5,3,0,0,0,0,2,0,-3,0,0,-1,-3,-4,-8,6,5,-1,2,0,1,2,2,1,0,-3,56,-19,23,-11,-21,8,-2,7,1,1,-5,0,9,8,4,9,-162,24,7,-19,-6,21,1
-17,2,5,10,5,5,-4,1,10,6,0,3,8,-3,-2,-4,1,1,0,1,3,0,-5,-1,-8,4,-6,-4,5,-6,-2,3,5,0,-5,-1,5,-1,2,3,3,-4,7,4,2,5,1,1,1
-5,-24,18,-3,-1,-16,-15,1,13,3,6,10,1,-7,-8,3,-1,-14,5,7,-4,-10,5,8,9,5,2,-7,-3,-2,1,-8,-4,3,-13,4,-2,-13,-10,0,-3,3,2,-3,0,15,1,-5,1
-1,2,1,0,1,2,-3,3,0,0,3,4,3,0,4,11,25,2,4,4,-5,6,9,-1,0,0,-1,-1,0,1,4,10,4,7,-11,0,-7,10,-1,1,3,2,-3,-5,4,3,6,12,1
-1,9,-11,1,3,2,-3,-6,-10,-12,2,0,-3,-3,9,21,-4,-13,-7,8,1,0,-8,2,7,-1,17,13,-6,7,0,-7,-3,-3,11,12,1,-6,1,0,-8,2,10,6,-8,1,4,8,0
0,3,0,0,2,0,-2,2,0,0,0,0,0,0,0,-2,2,-6,0,0,-1,0,0,-3,-5,-3,-3,0,1,1,8,-6,8,1,0,-1,4,-1,0,0,0,0,1,0,-2,0,0,-3,1
0,1,-5,3,0,3,5,3,5,8,-4,0,1,-1,-58,18,8,4,6,2,-3,2,-17,5,1,3,5,8,7,1,-1,0,-6,2,8,-7,-4,-1,-1,-2,-6,0,0,3,-1,1,1,0,0
-20,-50,7,-9,28,8,9,-5,-9,9,-12,-7,-22,0,16,8,-1,27,-6,0,15,16,-10,6,8,11,-4,-21,8,-9,-16,-19,-15,-6,20,13,-10,4,-7,4,-2,0,-10,-16,-29,20,9,9,0
3,0,0,-6,-7,0,4,-2,1,1,6,3,-2,7,3,4,1,-2,-2,0,0,0,1,-2,-1,1,-6,-13,5,-2,0,2,-1,0,-5,-4,0,-4,-3,5,0,-4,-5,0,0,3,2,0,1
-5,-6,2,0,0,-2,-12,-2,0,3,-8,-3,17,2,-2,0,0,6,5,-6,10,8,-1,-2,-1,0,0,0,0,6,0,4,0,0,1,0,-7,1,-1,0,0,-2,2,-14,0,1,-1,1,1
-3,-1,0,-7,-12,-9,-4,-15,-1,14,-6,-5,-6,7,-17,-11,8,-9,11,-6,16,-8,-4,-1,-10,-7,15,-12,-12,7,-1,12,8,1,12,0,0,-4,6,0,-18,-10,-2,9,3,-2,-9,-18,0
0,0,0,-2,-2,0,0,0,0,1,0,0,1,0,-5,0,2,0,1,-1,0,0,-1,-2,-6,6,0,2,-4,-5,-14,9,-10,3,4,-1,3,4,0,1,0,0,-3,4,0,0,0,0,1
0,0,1,1,0,0,2,2,0,2,3,3,0,0,0,1,0,0,0,1,-4,-2,0,1,2,0,2,8,4,-2,6,1,-4,0,0,0,-1,0,-1,1,4,5,0,-3,1,-1,-2,1,1
-7,2,-8,2,2,6,2,-1,13,4,5,-3,4,0,-1,-2,10,0,-1,2,0,8,0,5,-2,-1,-8,8,-2,0,-6,-4,-1,7,2,-3,1,-1,0,5,1,0,-6,-3,3,0,2,5,0
-1,0,-3,1,1,0,0,-4,2,2,0,0,0,2,2,0,-2,1,0,0,0,-2,0,-3,-8,3,0,-1,2,0,0,0,1,0,1,0,0,-1,-2,0,0,1,1,0,2,0,0,0,1
-10,0,-1,-1,-11,-4,-4,0,1,4,2,4,0,-6,-1,0,-1,13,0,9,3,0,6,8,-1,0,0,-8,1,2,2,-7,2,1,-4,-7,-2,-5,4,5,0,1,0,3,0,-2,-1,0,0
2,-20,-4,-6,-7,6,4,-2,6,-18,-4,-12,12,2,14,0,-3,-7,-2,-8,0,-15,-17,18,8,-7,0,6,-5,1,-14,-4,-18,-23,-23,-40,54,17,-2,-4,20,12,-13,3,8,11,-22,13,1
6,3,1,2,1,3,0,-6,9,-3,0,-2,4,6,1,2,-1,3,-9,2,0,7,3,11,2,2,5,-9,-6,3,14,3,-3,7,2,1,-2,4,8,4,0,-12,5,3,0,-23,-4,7,0
6,5,11,8,3,-7,-7,3,7,8,-1,6,8,3,24,6,0,-2,-12,12,-9,-9,2,-9,-6,-6,13,-4,11,13,8,-5,0,-2,15,17,0,7,-5,-7,16,9,3,-6,2,8,14,-2,1
1,-7,5,0,3,-2,0,-4,-1,-1,0,2,0,2,-1,1,0,-1,4,-1,-1,0,0,-3,1,0,2,0,-2,-1,7,12,4,-1,0,-2,0,0,0,2,0,-3,3,-1,5,-1,1,2,0
-8,2,-6,0,2,0,1,2,3,-2,0,-3,-1,1,-4,5,-1,0,2,2,0,5,0,-5,-5,-2,5,0,-8,-7,-1,3,-1,0,0,3,5,0,-5,0,0,1,1,-1,0,0,0,2,1
3,3,0,0,-1,1,-11,-8,-15,8,-5,-3,6,0,-4,-5,12,0,0,7,6,-4,6,0,-5,0,1,4,1,6,10,-1,7,6,-8,0,1,0,5,-5,3,-3,5,1,0,-5,0,2,0
0,-4,3,-1,3,1,-2,-1,-1,2,0,2,3,-3,3,0,6,2,-2,-1,6,-3,1,-3,-2,-3,-1,1,2,0,4,6,4,0,0,-1,-2,1,5,-3,-1,0,-4,-1,0,2,0,0,1
4,5,5,-3,0,-2,0,10,6,6,-8,0,5,5,-8,-6,-6,-3,0,-4,-7,0,0,-8,0,6,0,-6,9,1,-8,-13,6,2,-5,4,1,2,1,4,4,0,1,-3,6,-5,1,1,1
2,-8,6,-5,-2,3,-1,9,1,-3,-2,0,-1,-4,4,0,2,0,-1,-11,-12,-10,-9,-6,4,5,6,-1,-11,-4,4,1,7,7,5,-5,-2,0,-11,-5,-5,-7,-28,-9,18,-5,8,12,0
16,-4,10,6,4,6,1,-2,-17,15,1,2,-3,0,3,4,0,-4,-7,-16,1,8,3,0,7,-3,-9,2,0,4,0,20,20,0,2,-4,2,5,8,7,-10,-3,5,-8,-2,-15,5,-10,1
-2,-5,5,1,6,0,6,6,-2,8,-7,-2,-1,6,1,0,8,0,-1,-11,3,-6,0,5,3,-5,-8,-9,4,-4,7,-1,-13,4,2,3,1,-3,15,0,5,0,-7,-1,3,4,-4,-5,0
2,1,-6,0,0,3,0,1,-3,-2,-3,0,4,1,1,0,1,4,-23,11,3,0,-2,2,1,0,-3,0,2,-1,1,0,-1,2,0,1,-3,1,-1,1,4,-1,1,-4,5,1,0,-2,0
-6,0,2,2,1,0,0,-1,2,-1,-5,1,0,-1,-3,-1,0,2,5,2,0,-1,0,-4,0,-3,2,7,1,-1,-5,-1,3,1,8,12,8,0,-5,7,7,-2,-1,0,-6,2,0,3,1
-2,-3,0,0,3,5,0,2,0,-4,-6,0,-2,-1,5,-1,1,0,-6,0,0,8,10,-1,0,-5,3,3,0,6,0,-4,1,2,0,0,-9,0,0,2,0,-4,1,3,4,-2,4,10,0
1,0,-1,0,1,-3,-1,-3,3,4,1,1,3,4,6,1,0,0,2,0,0,-4,5,7,0,0,9,7,1,6,4,8,0,-3,5,0,-1,1,6,8,6,0,-6,3,-5,5,6,1,0
0,1,-1,0,-2,0,0,1,-3,0,1,1,0,4,0,-2,3,-1,0,0,1,2,-1,0,0,1,5,7,1,2,2,4,-2,-1,1,-1,0,-3,3,5,4,-1,-3,0,4,0,1,0,1
-7,-8,-1,2,10,-4,0,-6,-2,0,10,0,-2,0,-1,1,-11,-10,-4,4,4,-4,-8,-4,-3,11,0,-1,1,4,0,-4,0,0,2,0,0,2,-5,-1,2,-2,0,-7,1,-1,-3,1,0
-3,-1,4,-1,0,0,0,-3,-1,0,0,1,1,0,0,0,-1,0,0,0,0,-7,-3,3,-3,0,-8,1,5,-1,0,-1,-4,5,-5,-1,-1,-1,0,1,4,0,-5,1,0,0,3,0,1
-2,-5,0,1,5,6,0,-2,2,-2,-3,1,0,-7,0,5,1,0,-1,-1,3,-1,-12,-1,2,6,0,0,-1,1,2,1,0,-1,-12,6,-3,-5,-3,7,-2,0,0,4,4,4,5,3,1
0,1,1,0,0,-5,5,7,1,-1,-2,0,3,2,0,-2,-3,3,4,2,-2,3,3,0,-6,-11,-5,10,0,-18,1,0,4,-6,3,-2,1,-2,2,1,4,0,0,1,-2,3,1,0,1
-1,-1,0,0,-1,-2,1,-1,-2,0,0,-7,-1,2,1,0,-2,-4,-4,0,1,5,-1,-3,3,-12,2,0,4,-2,-2,0,0,0,1,0,0,-3,-15,-9,-4,-16,-16,11,17,0,5,-3,0
-5,1,-5,-2,-5,-1,5,-10,-7,1,6,6,3,7,-9,1,0,1,5,-4,-6,-9,-1,-7,4,0,0,-6,0,2,4,9,-2,-4,1,6,0,4,2,-1,-2,-2,0,-1,-16,3,7,-1,1
1,-1,-1,1,0,0,8,8,9,2,1,3,1,-3,13,9,11,-3,-4,0,2,3,-5,0,-7,5,3,-2,1,2,0,-1,1,2,6,8,-1,7,-4,0,5,-7,-2,4,5,0,1,0,0
-6,-3,-10,2,0,8,-3,-3,-5,-3,3,-6,-1,-5,2,-9,-9,4,10,9,9,-5,-9,0,7,0,2,15,-1,1,1,4,10,3,1,8,0,-11,5,-3,6,-7,-5,1,4,-4,-7,-1,1
-8,-21,-16,11,28,-24,8,4,8,6,-5,9,0,2,0,-10,1,6,-3,0,2,1,5,5,4,-7,-6,-1,-18,1,7,7,-6,-3,-6,0,-8,2,11,-1,1,-2,4,-1,0,0,10,1,0
0,0,0,0,-1,0,-1,0,1,0,0,0,3,0,1,2,4,0,0,0,-2,0,0,-2,0,2,1,1,0,0,2,0,0,0,-3,1,0,0,0,0,0,0,0,-2,0,0,12,10,1
0,0,0,-1,0,0,0,-1,-1,-6,0,1,-2,1,1,3,-2,0,-4,3,-8,0,1,0,4,1,0,4,2,0,0,-2,0,2,0,0,-2,1,0,1,1,0,0,0,0,-2,-1,0,1
-12,-11,-10,0,-10,1,5,1,-5,-3,7,7,9,-1,-5,5,-3,-4,-4,-5,6,3,4,-1,-6,-3,-2,4,1,-3,3,-3,10,2,-1,0,0,-2,-6,1,-12,-4,-13,0,0,2,1,-4,1
-7,1,-2,-8,5,2,4,-3,-1,-2,3,7,2,0,6,1,-1,-5,0,2,3,1,1,1,4,-6,0,3,-4,-8,-6,0,-1,-6,4,0,0,-10,-5,-6,21,0,-6,0,3,12,-13,-3,1
3,-2,-10,-8,0,-2,11,7,9,-4,-5,1,0,4,3,6,2,5,-2,1,-1,-10,-6,-2,-5,4,3,3,0,-3,-9,2,9,3,-3,-2,5,2,0,11,8,1,1,1,-3,-1,6,6,1
4,10,8,4,-1,0,-2,1,1,5,-9,-7,1,2,-1,-9,9,5,-3,1,-3,-11,-7,-6,-16,0,-13,15,8,-1,-12,-1,10,1,-7,-4,-4,-15,7,6,-5,10,5,7,-5,-7,-7,4,0
-4,0,1,-5,-4,4,-3,3,-1,-1,-4,2,2,0,-1,0,0,-7,3,4,1,2,2,0,2,-1,2,3,-1,2,1,1,-2,-4,3,6,2,-2,2,0,1,0,-3,-2,-3,4,0,-1,1
4,-1,-7,1,2,-2,5,0,-6,-10,-6,11,0,6,-3,0,1,-1,-4,12,7,-1,0,-2,-1,0,8,1,1,4,1,0,3,-1,2,-6,-2,1,-2,2,0,-3,0,-3,8,0,-4,0,0
0,-5,6,9,5,-2,9,-2,-13,-18,1,-12,6,6,0,-4,-5,0,9,0,0,-1,1,-5,3,2,0,14,3,-4,-2,0,2,2,0,-6,-1,-3,-2,-3,0,-1,2,0,3,2,-1,-3,0
0,5,5,-2,-4,1,-2,7,8,2,-5,0,1,-1,-4,-2,-2,6,1,3,7,3,-3,0,-1,-3,0,3,-2,-5,0,-2,-5,6,2,3,3,-1,-4,1,-4,3,24,8,-2,9,2,-6,1
0,1,0,1,0,-6,0,-1,-2,0,4,-4,1,0,6,0,-1,0,0,0,0,0,0,1,0,0,0,0,0,0,0,3,0,-1,0,0,-1,0,0,0,0,1,0,0,0,-1,0,0,1
17,0,8,3,1,-4,5,2,3,0,-1,3,0,3,12,9,0,8,-3,-7,1,6,2,-3,-2,2,3,5,-5,-5,-3,0,3,0,1,-1,-2,-2,2,0,-9,3,-2,-2,3,4,-2,3,1
1,1,-2,-1,0,-3,1,1,3,-3,-4,0,0,-8,3,2,0,-2,0,0,2,2,0,0,0,0,1,5,12,23,16,-2,-1,3,-9,1,4,0,1,6,4,-9,-4,0,1,2,2,1,1
3,6,-3,2,-4,-6,-10,-2,-6,6,4,-5,0,0,12,6,-4,-6,-6,-6,-8,-9,-13,-13,4,-22,-23,20,-7,15,0,-14,-2,-9,-26,-12,-9,25,12,-19,9,-5,-14,-1,0,-5,-12,-12,1
-11,4,0,7,3,4,-1,-1,-6,-6,5,5,0,-11,-10,-6,1,-3,-5,13,4,4,-5,-5,0,2,0,-12,-15,10,-5,3,0,-16,9,6,5,5,8,4,18,8,-3,-3,12,14,1,11,1
-1,0,2,8,5,-10,4,-2,-2,1,-4,0,5,2,-2,2,-2,8,20,2,3,-4,0,1,2,-5,-5,0,0,-2,0,5,2,2,-4,-10,-1,0,-5,-4,-7,1,3,-4,-2,7,5,-1,1
-6,-8,12,0,4,1,0,0,0,-3,-2,3,-7,-6,-11,-7,-19,15,6,2,5,3,-7,-1,4,1,-10,-6,-5,0,6,6,3,-2,-3,4,-15,1,0,-16,1,-5,3,1,-7,11,0,6,1
3,0,1,-7,-6,0,0,3,-14,-8,14,2,-7,-2,-8,-7,0,-4,10,0,-9,-10,-10,5,-3,17,9,-2,15,8,-8,-3,1,-8,5,3,0,-5,3,-4,0,7,-1,-5,-9,-3,4,6,1
0,-19,-8,-7,6,5,-1,-7,-18,-20,0,9,18,5,-12,4,1,-4,16,15,-3,-2,4,0,6,10,-1,-5,-7,-5,6,0,5,7,9,0,18,12,-3,4,-9,-1,0,5,1,-8,-6,10,1
3,0,-3,0,3,0,-1,-8,-1,-3,-1,8,-3,0,-4,-2,0,0,-3,7,10,3,0,5,0,-3,-2,-4,2,0,-2,1,0,-6,0,5,0,2,0,2,2,-5,-1,3,1,-1,11,-2,0
8,12,7,3,2,-16,6,0,3,3,-3,0,8,-1,-1,3,7,6,-18,-14,7,7,2,5,6,-1,0,-4,1,-1,5,0,-1,-8,-4,1,5,-5,-2,0,1,5,5,0,-4,3,3,3,1
-2,0,-1,0,-1,0,0,-1,-2,2,0,1,0,0,0,1,-3,-3,-1,1,0,5,0,0,0,-1,1,0,1,0,0,-2,0,0,-1,3,0,2,-2,2,2,3,6,0,0,2,0,-1,1
1,-1,1,2,0,0,-5,-6,-4,1,-1,-1,1,0,0,0,0,-2,2,5,11,0,3,0,9,5,-1,4,-3,-2,2,2,-2,0,-1,-1,4,3,0,4,-1,1,-1,-3,0,5,-3,-6,1
-14,9,3,16,6,-3,-10,1,-8,-9,-33,2,-32,14,29,9,12,0,11,-11,-11,-17,-18,0,6,-3,-45,-16,-4,33,-9,0,28,11,-3,-15,-16,7,12,15,2,14,9,10,-9,12,7,-5,1
-17,0,-7,7,10,1,-1,4,5,0,0,-1,-5,-1,5,5,-1,-4,-1,-4,-3,1,3,-4,1,7,3,11,4,1,-3,2,8,-3,-3,-1,2,-2,1,8,11,-5,0,-1,-4,-4,3,-6,1
-1,1,-2,0,2,0,1,-5,-3,-3,2,0,0,4,2,0,1,0,1,3,5,4,-2,1,0,-3,0,0,3,5,-1,9,1,1,2,2,-3,-3,2,0,-7,0,0,0,2,2,-1,-4,1
2,-4,0,3,2,0,-3,-5,-2,-2,0,2,0,-2,3,-2,-27,-4,-10,6,-5,4,0,-11,0,6,0,7,-2,2,4,-3,0,-8,3,0,0,1,0,-2,-1,-1,4,4,15,9,8,-5,1
2,2,2,-3,0,-3,-1,2,2,0,0,3,0,0,2,-3,0,3,1,5,0,0,-1,-7,-2,-3,3,3,0,3,-2,-5,2,1,-3,-3,0,0,4,3,-2,-1,-3,0,0,-2,3,2,0
2,-3,-2,1,9,1,0,5,3,-1,-4,4,-1,4,1,-1,-6,-1,0,5,-3,0,-3,4,3,-3,-6,-2,-6,8,1,2,0,5,-3,-2,5,0,-2,-4,4,6,3,-2,4,2,6,3,1
-2,-2,0,0,0,0,-1,-2,1,0,0,0,4,1,1,5,-3,0,-2,2,1,0,-2,-1,-1,0,1,-1,0,0,2,3,-1,0,-3,-1,1,2,0,0,0,1,0,0,0,0,1,1,1
8,8,-2,5,16,9,15,-15,7,3,-5,0,4,2,-4,1,3,2,2,3,-2,-5,3,2,1,9,2,4,-12,-14,-3,1,-19,-18,0,14,12,0,6,9,-4,3,5,-4,6,-6,1,6,0
2,1,1,-4,0,2,-3,-7,-9,2,5,8,0,0,2,2,8,1,1,-5,-2,4,0,0,2,0,8,6,1,8,-1,0,-2,0,-3,-5,0,1,3,-3,-2,1,-8,4,2,0,0,3,1
0,-6,-13,-2,-9,8,-4,1,10,-1,-7,-14,1,-12,-8,12,15,8,4,16,-3,-9,2,6,23,0,21,17,4,-7,-5,5,-1,11,-11,-5,0,2,6,1,-1,18,-1,12,-3,-5,-6,6,0
0,2,1,9,-7,-8,7,-7,0,6,1,1,5,0,3,3,0,-4,-6,-2,3,0,0,0,0,-2,3,14,0,6,9,-2,5,0,-2,1,0,-4,-2,2,7,0,0,1,2,0,0,0,1
13,10,4,1,9,4,-4,-1,0,-6,4,3,-2,4,6,3,-1,1,4,-1,-6,5,6,9,10,6,-1,-4,13,-3,3,2,-7,-9,7,0,-2,-4,4,7,5,6,-4,0,-1,-1,-6,8,1
0,0,-9,0,-1,3,0,0,3,4,4,0,-3,3,1,7,0,0,0,6,2,-3,-2,3,1,-2,-1,0,0,0,0,0,2,3,3,-3,0,-2,1,-1,-2,1,0,1,1,0,0,2,1
1,-2,0,-2,-2,0,0,-4,0,3,0,0,-2,3,4,-3,4,0,0,-1,-1,1,1,2,8,4,2,-2,5,1,1,0,3,0,2,0,-2,-2,1,1,-3,2,-3,6,1,-1,1,-1,0
1,-1,5,6,7,-1,0,4,-3,-2,0,-3,-11,1,-4,6,-3,-1,-1,8,9,4,3,2,2,-1,7,-3,-1,-7,4,0,0,0,2,-5,3,-2,0,-8,-1,-5,5,8,0,0,-4,-1,1
6,1,-5,4,1,2,-1,2,-3,-5,4,0,1,2,5,1,7,0,1,-3,1,2,0,-1,-2,-1,-2,-4,-3,3,0,3,-4,0,0,-5,-5,2,3,2,-1,2,-1,1,6,0,0,-3,0
0,0,-2,3,0,0,4,0,0,3,0,0,-1,0,0,0,2,-1,-1,1,1,-1,-3,0,-1,0,0,0,-6,4,-2,5,1,0,1,-5,2,-1,-1,0,1,0,0,0,-2,-6,4,0,0
1,-2,-10,2,-1,0,7,-2,-2,-4,3,0,2,0,-9,0,-1,5,6,0,5,3,2,0,4,3,3,9,-1,-6,10,3,-4,1,-7,-10,2,0,-6,4,8,-9,-16,-9,7,-8,4,6,1
1,0,-4,-2,4,-3,0,1,0,-3,-1,4,0,-1,0,7,4,8,0,1,0,2,4,-3,-3,-2,1,2,-2,3,5,0,1,-3,-5,2,-2,0,-4,-1,0,0,0,1,1,1,3,0,1
3,2,0,11,9,-1,-2,4,-2,4,3,-2,7,-8,0,4,10,1,6,-2,-2,-2,-5,7,7,4,-1,1,-6,0,-12,2,-11,-7,-7,7,7,1,-1,4,6,0,1,-2,-3,-3,0,7,1
1,1,0,0,-1,-2,-1,0,2,-1,-2,0,0,-1,-3,-5,-8,2,0,3,4,0,0,0,1,0,-1,-1,-2,3,0,-4,0,0,2,1,4,0,-3,3,0,-1,-1,1,0,-1,5,1,1
0,-1,1,1,-1,0,-2,-1,-5,1,1,-2,2,3,0,3,1,3,0,0,1,1,0,-2,2,-1,3,-3,0,1,0,0,0,-1,0,0,-1,0,0,2,-1,-1,3,-2,0,2,0,0,0
8,-3,3,-4,-2,-4,-10,3,5,-4,-5,0,4,1,-4,-9,-4,5,5,5,-4,-4,4,-6,10,0,-1,1,1,7,-1,0,3,7,1,-4,1,-1,0,0,2,-2,-6,3,0,0,-3,-7,1
7,-2,6,8,-5,4,2,-2,2,2,2,10,8,-2,-4,-10,9,10,-3,-3,-4,-1,-7,-9,0,14,-1,2,-2,-5,-10,-3,-12,-14,10,13,-2,-3,0,-6,-6,1,4,3,9,-3,-4,-13,1
-3,-1,-2,-1,5,0,2,0,0,-3,-1,0,3,3,4,-1,3,3,-4,1,-1,-5,1,0,1,1,-17,-23,-29,8,-4,2,9,1,-6,-8,6,-7,-8,-9,-13,1,-10,2,12,9,11,0,0
10,11,3,-1,-3,1,-1,0,4,0,1,-8,-2,3,-4,-2,0,1,3,-9,0,-3,-11,-21,-5,-8,0,0,5,-4,-2,6,10,3,-16,-4,-20,-13,2,3,-6,-10,13,8,12,2,-10,-4,0
1,3,8,6,-11,0,-3,1,27,11,-3,0,8,-3,-11,-5,0,0,-4,-16,-9,-8,13,-1,8,4,-10,4,-2,-21,-12,4,-2,-24,-11,18,6,-5,11,-15,-6,-7,23,5,8,9,-6,9,0
-4,0,-3,0,1,0,-3,-2,-16,0,1,0,3,1,3,3,1,0,-3,4,3,4,0,0,0,-3,0,2,0,-1,-1,-3,0,3,3,3,-1,0,2,0,0,0,1,3,4,-2,1,0,1
8,-2,-1,-1,2,-1,2,1,0,0,-1,0,0,0,2,0,0,1,6,2,0,0,0,0,-2,0,2,0,0,-1,5,3,1,0,-4,0,1,3,6,1,3,-5,2,-2,1,2,0,-1,1
-18,-2,6,-2,0,4,6,2,4,-2,2,-1,-1,1,0,0,0,-3,3,-3,-2,-7,-2,1,6,-3,0,-2,-2,0,1,3,2,0,0,1,-1,0,0,-2,-3,-1,0,-2,-1,-6,-1,-3,1
3,2,1,3,-13,8,4,0,0,0,0,-1,-1,-2,-5,1,0,3,1,0,0,1,3,0,0,1,-2,-1,-3,0,0,3,0,0,0,0,0,0,-1,-1,-1,0,2,1,-1,1,6,7,1
5,0,3,3,-17,3,-21,-12,19,-29,-44,-14,17,26,38,-8,3,-6,-38,-23,20,-18,-22,-29,46,2,-22,28,8,34,0,-10,0,-22,0,-4,-1,0,15,-5,4,-6,12,19,18,-10,2,10,0
5,-18,-24,-22,0,-23,-35,3,53,5,4,-34,0,-30,-53,24,-21,21,5,27,18,20,-25,-8,10,-1,-65,-22,-80,2,72,49,-31,1,24,-18,5,35,-3,-19,34,46,5,7,1,21,-15,-42,1
-2,-2,2,2,0,1,2,0,-2,-3,0,-2,-4,-2,1,2,-1,-1,0,2,3,2,0,0,0,-2,-3,1,9,5,1,-2,-2,0,2,4,8,5,12,9,-9,4,0,-2,-3,-4,0,1,0
-3,-1,0,2,0,1,-5,-3,-4,4,1,-1,-1,0,1,4,4,0,-1,2,0,-6,1,0,0,-1,5,0,-2,0,0,1,0,-2,-1,-3,3,0,4,3,0,0,0,-1,-5,0,-1,1,1
3,0,-7,1,-4,-2,0,0,3,0,-2,3,0,0,0,1,-3,-2,1,-1,2,0,0,-2,-8,0,-3,0,2,1,1,2,2,0,0,0,0,0,1,0,1,3,1,0,3,4,0,3,1
3,-1,-1,-2,3,-2,-3,5,-4,-7,7,-3,0,5,-2,10,5,4,-4,-2,-14,4,3,2,-3,10,4,2,0,0,-1,3,-10,-4,3,2,-1,0,4,0,0,2,-3,1,0,-7,3,0,1
1,1,0,3,0,-1,0,0,0,0,0,0,0,-3,0,0,4,2,0,0,0,0,1,0,1,2,4,2,-2,3,3,2,-1,0,0,0,-1,-1,-1,2,0,0,0,0,1,1,0,0,1
-4,1,-3,-4,4,0,2,4,2,1,0,-1,-4,-1,4,-1,0,2,1,1,1,3,-2,-4,5,0,1,0,2,0,-1,-1,3,-1,-3,-2,3,3,1,3,2,-4,-1,0,5,0,0,0,0
-7,0,0,1,0,0,3,0,-7,-2,0,4,0,0,0,0,7,2,6,6,0,6,-1,1,-11,-1,1,-1,5,1,1,0,6,-1,2,-1,1,-1,0,1,-6,-1,5,1,2,7,2,9,1
-5,8,-5,10,-6,0,-13,-7,9,-7,-3,9,6,6,0,6,7,0,-2,1,-3,-3,4,2,-6,6,12,17,0,-6,-5,2,7,-1,1,0,11,-3,2,-4,6,-6,-5,-3,3,0,-14,-6,0
1,6,2,-2,0,4,2,1,1,0,0,1,-2,-4,-2,-6,9,1,-1,1,-1,1,1,0,-1,-13,-30,-38,-1,-32,20,15,5,3,-2,-6,7,-7,-9,-11,3,8,1,1,5,2,1,3,1
0,1,0,1,1,0,-1,0,0,0,4,3,2,-3,-2,1,-2,2,-30,-24,8,-4,-24,-11,-33,3,-13,15,-5,5,-4,-12,-3,0,-17,-22,10,-2,15,30,-7,-13,0,-8,9,-5,1,-9,1
2,0,1,3,3,-8,-11,0,-1,0,-22,-20,4,10,9,-1,-10,-3,-10,1,4,2,8,-5,-1,-18,6,0,-7,-15,1,4,3,0,2,1,4,-2,-2,0,-12,-4,5,-8,5,0,-3,11,0
-1,2,0,0,0,0,10,2,5,1,0,7,7,10,0,4,1,-3,-23,0,17,0,-6,1,1,7,1,-4,14,2,8,6,7,0,-1,2,5,2,2,-25,4,-12,-13,14,-14,-19,-21,25,1
2,2,-11,-1,6,-5,0,5,-2,-7,-6,-2,1,9,6,4,-2,4,-4,-1,-1,-3,22,-2,0,-1,1,0,-3,3,0,-3,0,0,-5,0,-1,-2,4,0,0,1,-3,-4,-5,2,-2,2,0
0,2,2,6,0,0,-1,0,0,0,2,3,9,2,0,3,0,-2,0,-2,4,1,0,-1,-1,0,2,0,1,2,4,4,1,-4,-3,0,3,-1,0,-1,4,-1,0,-2,0,1,0,0,1
2,-6,-9,2,7,-2,-2,-5,-1,8,5,16,8,-5,10,3,-4,-6,-12,5,-2,4,18,5,0,-2,5,-2,10,8,2,-3,-8,-12,4,9,7,-2,5,0,6,0,-10,5,-14,-16,2,4,0
-4,-1,7,9,0,0,0,0,1,2,2,0,-1,0,-1,0,0,1,2,4,0,3,15,2,-6,2,2,0,-7,-4,4,-1,-2,3,0,-1,0,-12,-10,1,5,0,3,2,2,3,2,0,1
18,10,14,-18,2,6,-3,2,0,2,11,24,-1,0,-9,10,17,33,6,-21,-6,8,8,1,-19,-16,14,-21,-32,12,-1,5,13,-14,-17,-29,0,-27,-40,32,47,-17,17,-12,-15,7,10,0,0
1,2,-3,2,-1,-1,0,0,0,1,1,0,-1,-3,-1,-3,0,4,1,3,3,-1,5,2,1,-2,1,12,4,9,-3,2,-1,-1,-3,2,-2,0,-5,2,4,1,1,1,3,-3,2,6,1
-14,-1,-9,2,2,5,-1,-4,4,0,4,-6,2,1,2,6,1,3,-7,-1,4,-8,-6,-5,3,4,-3,-7,1,5,0,0,1,2,4,0,-5,5,8,-2,-4,-1,1,1,5,-2,-1,-8,0
8,1,-4,0,0,1,-7,2,0,3,0,0,-2,4,3,0,-3,-6,4,-9,1,4,2,-2,0,-1,0,-4,1,-8,4,-3,0,6,1,0,-3,0,-1,-2,3,0,0,0,0,-2,0,5,1
2,-4,-3,-2,3,5,3,2,-1,-1,0,4,0,0,0,-1,0,5,2,0,3,0,12,12,3,7,-1,0,-7,1,1,-1,-4,3,-5,-1,0,-3,0,4,1,-3,0,3,1,3,3,-2,1
20,8,-11,12,-32,-1,18,-5,8,13,1,-2,12,-6,0,8,15,8,0,8,6,3,-12,-6,-4,14,11,9,13,9,14,1,20,-18,-36,8,27,9,-14,-18,1,16,12,7,11,23,2,8,0
-3,10,2,6,4,3,-2,-4,-1,0,9,5,0,0,-1,5,13,0,2,1,2,13,2,-11,-6,3,-12,-9,3,4,-7,6,10,5,-4,5,-4,-4,-3,4,-2,2,0,6,0,-1,1,2,0
0,0,-2,0,0,0,0,0,0,0,0,0,0,0,0,0,0,0,0,-1,-1,0,0,0,0,1,-1,-1,0,0,0,0,1,-1,0,0,0,-1,1,-1,0,-1,2,0,-1,0,0,0,1
-3,1,0,1,0,0,0,0,0,0,-1,-1,-4,1,3,0,0,1,-1,-1,1,0,0,0,0,0,-2,-6,3,-11,1,-2,-14,-5,1,1,4,9,-2,0,0,-1,-4,7,4,-5,0,0,1
14,-17,9,13,19,3,-2,15,7,-8,-23,-20,-14,7,23,2,18,-4,-15,17,-1,17,15,10,0,-12,7,2,14,17,-2,-40,5,15,-4,-15,13,-6,2,-1,12,9,10,-4,3,-21,-15,-24,0
12,8,5,0,9,3,-4,-2,-5,1,4,12,6,7,14,8,-4,0,8,-10,-6,3,15,-6,10,13,8,0,2,-12,-5,7,-8,-3,-6,2,9,3,-5,0,3,-5,10,9,7,-7,0,0,0
2,1,8,2,-4,0,0,-4,5,-5,2,2,5,-6,7,5,4,0,-1,3,-8,7,-11,-6,2,-5,0,-1,1,-1,0,3,0,-3,1,8,2,2,0,7,5,8,6,-9,2,7,3,2,1
-1,-6,0,-6,1,-1,3,-1,0,2,1,0,1,5,2,1,-5,0,0,-1,-1,2,0,-2,-8,-12,0,-1,-6,2,4,-9,-9,-16,-5,1,-3,6,2,-4,-11,-7,0,7,0,11,8,-4,0
-2,0,3,2,0,0,-2,0,-5,3,2,1,-3,-3,0,-4,-4,5,2,0,-2,1,-6,3,0,-1,-2,-2,0,0,2,4,-1,-3,1,0,2,3,-2,-4,0,0,-1,3,2,9,4,-1,1
9,-9,-12,0,6,6,0,25,31,7,23,-6,0,18,0,0,-2,-18,-7,11,1,-4,-11,0,0,15,9,-6,13,14,6,0,12,4,-2,-17,0,-1,6,4,8,-16,1,10,-6,-7,-4,-2,0
-3,-8,-1,6,-7,3,0,3,-4,1,11,7,-3,-6,0,4,4,2,1,1,-4,0,-3,5,0,-4,-1,-1,1,3,1,3,7,0,3,1,3,0,-2,3,0,0,2,4,1,-1,6,-2,1
2,-6,-2,-3,2,0,0,1,-5,1,1,2,1,2,1,-1,0,-1,0,-5,5,5,2,7,1,5,0,-2,-3,-7,2,4,3,2,0,2,1,0,3,6,16,4,0,-17,11,-4,0,6,0
3,0,0,0,1,0,-4,-2,-1,3,-8,-5,2,4,0,6,0,2,-3,2,4,1,-1,2,2,-2,-1,0,0,-1,-3,0,-3,-5,4,0,-1,0,1,0,-1,0,4,-1,-1,-2,-1,-1,1
-12,-1,-2,0,-4,5,-4,0,6,0,1,-3,-18,-9,1,-8,-8,12,2,0,-9,0,-6,1,5,-2,-4,-10,-14,10,0,16,18,1,5,-7,4,3,-2,0,2,9,8,0,1,8,0,4,1
-2,3,7,0,0,0,-5,-1,-3,-1,3,-4,0,2,1,2,4,0,-1,4,5,0,-1,-8,4,0,1,-3,-1,-2,1,0,1,-1,1,0,0,0,-1,0,0,-1,4,0,0,0,0,0,0
0,1,4,0,1,0,2,1,1,0,-1,0,0,0,0,-1,-30,1,-3,1,1,6,4,-1,-7,3,2,0,0,0,2,6,1,1,-3,1,2,1,-1,1,2,-6,1,2,0,-2,1,-5,0
0,-1,0,0,-2,1,2,2,-2,1,0,-3,0,0,0,-4,2,1,0,-1,-1,1,2,3,-1,8,8,21,7,-3,6,-1,-2,-4,-6,4,3,1,-1,2,4,0,2,0,-5,0,2,-1,1
0,-2,0,9,1,0,-3,-2,0,1,-1,0,0,0,-5,1,1,6,-4,0,-2,4,0,-2,3,3,2,3,2,1,-2,0,-1,-4,2,0,-7,0,2,1,-1,0,-2,-3,2,0,-7,4,1
2,7,1,0,2,-25,0,0,-13,5,9,6,-6,-5,0,1,0,3,-4,1,0,0,0,1,13,13,1,-5,3,-2,0,-8,-5,-9,-10,-3,-31,-2,21,6,3,-11,13,6,0,-6,0,-8,1
0,5,6,6,2,0,0,-3,0,-1,5,2,4,-7,-8,-2,-3,3,7,0,-3,3,0,-5,0,-2,-19,-17,-8,-4,16,-3,-18,-16,0,4,7,7,-11,-9,0,0,-1,-27,-16,-22,28,7,0
-4,2,15,10,0,0,7,0,-5,2,3,4,1,2,-5,-3,2,2,0,-3,2,-1,4,7,3,-2,-2,3,0,4,-1,-1,-6,2,32,7,-15,-45,1,3,-16,8,4,-3,5,12,-2,10,0
1,0,0,0,-1,0,-2,4,1,0,-2,0,-6,2,0,-2,1,0,0,4,4,-1,-2,-2,3,2,-1,0,-4,-3,0,0,1,1,-6,0,0,2,0,-3,1,4,1,-1,0,0,5,1,1
-4,0,2,-1,-1,-1,1,0,0,1,0,2,7,3,-2,-4,0,9,-1,-3,4,3,6,4,0,2,0,-1,-4,0,-6,0,2,0,1,7,3,-1,-1,1,-1,0,0,-1,4,3,2,0,1
-3,2,1,-5,3,0,-3,-2,-8,0,-2,10,7,7,3,0,-2,-1,2,-4,-7,3,1,0,3,3,-2,13,11,-4,0,-1,1,1,1,-4,-3,2,-3,-4,-1,3,-1,-2,1,0,-6,-10,0
0,0,-5,0,-4,0,0,-1,1,1,-1,0,1,-4,-5,0,-2,1,0,1,3,1,-6,-2,-5,-3,0,-6,3,-1,-5,7,2,-1,1,1,0,-3,1,1,-2,0,0,-2,-5,-6,2,5,1
11,0,-21,2,-3,-16,5,-9,-7,42,-2,5,9,-23,6,4,-4,23,0,-19,5,-6,6,12,8,9,-13,-15,-25,-6,1,11,10,0,-7,-8,16,13,-5,0,1,-21,-5,4,-3,0,15,5,1
-1,1,-4,-2,-9,-7,1,-10,8,-3,-3,-1,-4,3,4,5,2,4,-3,0,0,7,5,8,-1,3,-3,-3,0,3,-1,0,5,1,-2,-9,0,0,1,-1,5,1,-2,1,-2,-5,-1,1,1
0,-8,-1,3,2,7,3,-5,0,-5,-1,6,9,5,0,2,3,5,0,-4,-2,0,-9,0,8,5,1,-5,0,4,1,5,2,8,2,-4,0,1,0,-1,-3,1,2,0,-1,-6,0,1,0
0,-12,3,4,-3,-2,3,2,-3,4,-2,-17,-6,-4,3,3,0,-1,10,4,-3,-3,3,2,8,-3,0,0,6,8,5,3,-3,-4,-1,3,3,12,-5,-1,-7,2,0,6,0,-2,0,1,1
-3,-2,0,-1,-1,0,-1,6,1,7,2,0,-3,2,-2,-1,5,3,-1,0,-10,-7,-2,3,-2,6,0,-1,-10,-2,0,0,3,0,7,1,-2,-3,-3,1,0,2,2,2,2,-2,-1,2,0
0,-1,-10,0,-2,0,0,0,-10,-6,14,0,-2,-2,8,-3,0,5,-6,-3,-7,0,0,-11,0,-12,-3,1,10,3,1,1,-14,1,3,0,0,-7,-9,4,-7,-1,-9,-7,-8,-11,5,-3,1
6,-13,-10,-5,-5,1,1,5,-3,-17,-2,-7,10,11,-2,-9,12,3,-3,0,7,6,3,-6,5,1,-9,-1,0,4,-4,6,0,-1,6,0,-4,-2,-15,-7,-6,4,6,-6,0,4,2,-4,0
-2,0,0,1,0,-1,0,0,-1,-1,-1,0,-2,1,2,0,0,0,0,2,0,0,0,0,2,-1,-4,0,-1,0,0,1,0,0,-1,-1,0,0,0,-3,0,1,4,-1,0,0,0,0,1
7,4,-2,2,4,1,0,3,-7,-5,7,-3,-14,-17,4,6,9,-9,-8,-23,-28,12,-6,18,-6,-2,-7,-15,-17,-10,16,18,1,3,7,0,16,-6,-3,-5,-10,6,8,13,10,2,-5,-2,1
-6,-4,-14,-14,-17,19,0,5,-4,-3,-9,-5,5,10,9,13,6,-1,-5,8,10,-2,2,12,10,-11,-6,9,-4,3,0,-11,0,12,7,4,0,8,4,3,-5,-3,2,-6,7,3,8,-8,1
0,0,0,0,9,3,0,12,5,-2,-4,0,2,0,1,0,-2,-3,2,3,1,0,3,-4,5,3,-2,-1,-2,1,-2,-1,0,0,-3,2,1,0,0,0,0,1,2,0,-2,0,-1,0,0
-1,-1,0,5,2,0,-1,0,0,0,-7,-13,-3,2,-6,4,0,6,-5,-5,-4,7,0,-1,-2,-5,-5,4,-1,5,3,-2,2,-4,-1,2,2,0,-1,-3,0,4,0,0,0,3,2,2,0
0,0,0,0,0,3,3,0,0,0,0,0,0,0,0,0,0,0,2,5,6,0,0,1,0,0,-13,0,3,4,5,2,3,-2,-2,-1,0,-6,-5,0,-11,7,7,-2,1,1,0,-1,1
1,3,2,0,-3,0,0,-3,-2,-5,0,-1,-2,4,4,1,4,5,1,0,1,0,0,1,3,5,2,-1,-7,0,2,1,0,0,0,2,0,-3,0,5,11,-4,-1,-3,1,2,3,2,0
-9,7,-1,2,0,2,0,4,3,3,-4,-10,-21,7,0,3,12,0,-3,-7,-5,7,3,2,2,1,0,-5,0,-8,-8,5,5,2,-8,-2,3,2,0,-6,-2,2,-7,-13,-1,5,0,6,1
-3,-6,-2,0,-3,0,2,-1,-4,-3,3,3,0,-4,-2,1,-1,4,1,-1,0,1,1,0,0,0,1,3,0,-1,0,1,2,2,-1,0,4,3,-1,4,0,0,-3,0,7,-3,-3,0,0
22,0,8,-1,-11,6,5,4,4,8,0,4,-9,-9,9,1,-7,-7,-1,4,3,6,4,10,1,1,-6,0,10,9,6,-1,2,-14,3,-8,12,6,-4,1,-6,-4,0,4,2,5,3,1,1
0,8,2,1,1,3,-1,1,-2,-6,-2,1,1,0,0,-1,1,0,2,-1,-4,1,2,0,1,0,-7,-4,0,2,2,0,1,-1,0,-1,1,1,0,0,0,0,0,0,0,0,0,0,1
4,3,1,0,0,4,1,-1,2,0,-1,-2,0,0,1,3,0,-1,0,-1,-6,1,2,2,-15,-13,4,-6,-9,8,7,0,3,4,0,1,-3,0,-2,0,5,3,0,-1,-2,1,0,1,0
0,0,10,-1,0,-4,-3,3,0,-1,0,-5,-2,4,0,0,1,1,0,7,0,3,1,0,0,4,-7,0,-2,1,5,0,-3,-2,0,10,6,-3,4,1,1,2,2,-8,5,3,-6,1,1
6,1,1,0,0,1,2,-1,1,1,0,-2,-3,-1,1,0,3,0,1,0,-2,1,-1,1,-1,-1,0,0,0,4,10,13,-1,-1,2,-7,3,1,-1,0,3,-4,-2,3,6,-1,0,-3,1
-5,-6,4,1,-1,3,3,0,5,4,3,6,5,2,9,14,5,-9,1,6,-4,-1,-14,11,1,-7,0,2,0,0,1,3,2,2,-2,-4,-2,-1,-8,2,-10,-8,3,6,4,-1,1,0,0
7,3,-3,3,3,-10,-6,-1,0,-1,2,0,-1,-3,3,-1,1,6,5,-1,-2,0,3,2,3,1,-1,-11,1,0,1,3,0,-1,-2,1,0,1,0,-1,0,0,0,-8,-2,-5,4,0,1
1,4,2,2,0,-2,4,-4,0,0,0,2,2,1,-2,-1,0,1,0,-5,-3,-6,-6,4,0,2,2,-13,-3,13,3,-4,3,3,0,1,2,2,-1,0,1,7,1,-6,3,4,6,1,1
7,0,5,9,-6,11,0,1,0,-2,2,5,4,-8,-6,-1,4,0,-3,1,8,0,10,29,32,4,0,22,9,-7,15,2,4,-5,-7,-1,-9,17,12,-2,13,9,10,-3,12,9,10,-3,0
4,1,3,1,-3,0,-3,-1,2,-2,4,3,0,0,0,3,7,12,-1,3,-1,-4,0,3,-3,0,4,4,3,3,-1,6,2,-5,11,0,10,-2,-11,-41,5,-16,-15,17,20,-10,-2,7,0
27,9,4,7,10,9,17,2,0,-5,-3,-11,3,-9,22,24,4,-2,12,3,-4,-12,-15,10,-8,0,14,-11,-8,-22,-13,-3,-2,15,6,-8,2,5,-5,-3,-18,4,3,10,8,-7,14,-3,1
0,1,0,2,2,4,0,0,3,3,-1,0,0,0,1,4,2,-3,0,0,0,0,1,0,0,0,0,0,-2,0,-2,-2,1,0,1,0,0,0,-2,0,0,-1,0,1,1,1,0,0,1
-8,-1,-8,-17,-14,12,6,-1,4,6,10,17,-2,-10,0,-3,1,14,2,3,0,7,10,-3,1,0,-7,0,-9,-7,3,6,-4,4,5,5,1,-4,-2,0,4,6,6,11,0,-2,0,3,0
-2,3,1,0,1,-1,1,1,-1,-1,0,0,2,1,1,-1,1,0,1,4,0,0,-9,1,3,0,-1,-2,1,0,0,0,0,0,0,-1,1,0,0,0,1,0,2,0,-1,0,0,0,1
3,7,-2,-3,-1,1,0,0,-1,1,0,-1,0,0,0,1,5,0,0,0,2,3,-3,-10,3,-5,-1,2,-2,-11,0,2,4,-5,2,3,3,0,-1,2,1,-2,-2,0,1,-1,1,2,1
0,0,0,0,1,0,0,1,0,1,0,0,0,0,0,0,-12,-12,5,7,-1,1,0,-1,0,1,1,1,-4,0,0,0,1,0,0,0,0,3,1,-3,-1,1,0,0,1,0,1,0,1
0,1,1,0,1,0,-1,1,-2,1,0,0,-2,1,0,0,0,0,0,0,0,0,4,1,4,-1,0,7,1,3,3,-9,0,0,2,0,0,2,-1,0,1,0,-3,3,1,0,0,0,1
0,6,3,-2,4,-16,9,4,0,4,3,0,4,1,4,-6,4,-7,-1,0,-5,6,7,-2,1,-1,2,0,1,0,2,4,7,6,8,-6,8,8,-11,-14,11,-4,-7,7,8,1,1,0,1
16,17,18,-5,10,0,-16,5,-6,-12,-12,10,-5,-34,-19,-9,1,15,-12,-9,3,-13,-7,-1,48,56,-3,-1,61,20,0,19,10,-30,-6,-10,29,-7,17,17,-10,6,17,4,-11,0,-16,0,0
1,4,5,-2,1,1,4,4,0,0,-1,-4,2,2,3,-3,0,-1,-2,1,5,-1,0,3,-2,2,0,1,0,3,5,2,-3,0,1,3,-2,0,5,3,0,3,8,-6,4,3,-1,4,1
-1,-3,0,-1,0,0,1,-1,-1,2,1,-1,1,0,0,4,14,-2,3,5,0,0,-4,6,5,11,2,3,-4,0,-1,2,2,6,-2,0,1,-5,1,0,4,0,0,0,3,-3,0,5,1
0,0,1,0,2,9,-1,-2,0,0,0,0,0,0,-1,0,3,1,0,0,0,-2,0,1,0,-1,1,0,1,1,5,2,-1,3,1,-3,3,0,0,-1,0,0,-1,-4,3,0,0,0,1
3,0,0,2,2,3,5,-2,-2,-6,-3,-1,0,0,-1,-3,3,5,0,-1,-4,2,0,4,1,-3,-10,-1,1,-2,-3,-3,3,0,0,-8,-2,3,-5,7,0,0,1,-2,4,1,0,-1,0
16,6,12,17,3,4,6,3,7,2,-13,-15,-13,-4,4,0,12,-6,1,-10,-17,-18,-8,15,-11,18,-36,-32,-1,12,3,-12,16,0,-15,31,21,-5,14,4,-15,-13,2,10,15,2,18,-1,1
-3,3,-3,2,0,3,-1,0,1,2,0,10,0,-1,1,4,-3,1,2,1,-1,-3,0,2,5,6,0,1,2,0,0,0,-2,-3,0,3,2,0,0,0,3,5,4,5,0,12,5,-5,1
0,-2,1,1,0,1,0,0,-2,-1,0,1,0,2,-1,3,-2,0,0,2,-2,0,0,0,-2,0,0,-1,-1,4,16,2,-1,-1,-1,-2,-1,3,-2,2,3,0,-4,-4,1,0,0,-1,1
-5,4,4,0,-1,3,-1,-6,-1,0,-8,-4,6,-2,0,5,-7,8,6,-2,0,1,2,0,-1,0,5,5,0,-4,-1,-4,1,-2,-2,-7,0,0,3,7,0,0,-1,-1,0,1,0,-2,0
1,-4,2,1,1,-1,0,0,-3,1,1,1,0,0,3,2,0,0,1,0,0,-2,0,-9,-5,-4,1,-12,-4,-13,3,-7,9,2,-2,2,-7,0,6,-1,-15,2,-10,-11,8,-5,-19,12,0
0,-2,0,-14,-7,-1,-2,4,3,0,-3,0,1,5,1,-2,1,2,0,-1,0,-2,-2,-12,-6,4,2,4,1,-1,-3,3,0,-1,0,5,1,0,0,1,-2,-7,2,0,0,-3,0,3,1
0,0,0,1,0,0,-1,0,0,0,-2,4,1,3,-1,1,0,0,0,-3,0,1,0,1,1,1,0,-1,-2,0,0,0,0,-4,0,0,0,-2,0,0,0,2,1,0,0,2,0,0,0
-5,-16,0,13,-5,0,26,6,-4,-4,8,-2,9,0,1,12,0,-4,-7,0,5,-3,-7,2,-14,5,-11,-4,6,6,7,-10,-7,-1,4,-3,-8,1,-6,-8,-5,7,6,0,2,0,-6,3,1
-10,8,9,4,-19,-21,-18,18,-3,-23,11,-30,-35,15,24,-7,-2,-29,-30,-13,-22,20,7,19,33,-7,-13,-2,17,-8,-9,34,13,12,-23,9,7,-23,10,9,-23,-18,-7,0,8,12,-13,-2,1
6,13,-7,6,-13,-13,2,-2,6,6,-12,6,3,-3,4,0,-4,-1,0,12,13,-6,-3,-1,-8,-10,-33,5,-26,1,-9,-34,15,10,6,4,1,-14,-4,1,-17,-8,-7,17,-2,-14,3,9,1
0,-8,-9,8,1,5,1,-4,2,0,-1,0,-2,-13,1,5,-3,0,2,4,4,2,-4,0,2,0,-5,0,-2,-6,-7,-6,2,8,4,-1,-9,3,1,-8,-8,0,-10,-15,-12,13,5,-1,1
7,0,0,0,0,4,2,0,3,1,-4,1,0,5,-1,-1,-1,2,0,0,4,3,3,0,3,-4,-1,-4,3,0,1,0,1,0,1,0,4,3,2,-1,1,4,5,0,-2,-3,4,0,0
5,0,-1,4,-2,1,-2,1,-4,0,-2,2,-5,4,0,-1,0,-3,5,0,4,7,5,2,0,3,3,-4,0,-3,1,-7,0,3,-1,1,-4,0,0,3,0,-6,-13,10,3,5,4,2,1
1,1,-3,1,0,0,0,0,0,1,3,2,-2,2,-4,2,2,1,1,-1,1,0,0,0,0,-1,1,-2,0,-2,0,0,-1,-1,1,0,-3,0,0,0,0,0,3,-2,0,0,0,1,0
-1,0,-4,3,-1,0,1,2,2,0,-2,-1,0,3,0,0,1,3,0,-3,-9,-3,0,0,-4,-2,0,7,3,1,2,-1,0,8,5,0,-4,0,-3,0,-4,0,0,-2,1,-3,2,-5,0
0,-2,-2,4,-3,1,2,0,2,3,0,3,0,-1,-3,2,4,8,0,-1,-1,0,-2,-1,-5,4,0,0,0,0,0,0,-1,2,0,0,5,-2,1,0,1,0,0,0,-3,1,0,0,0
16,11,-9,-10,1,9,8,-9,9,7,19,10,2,1,-6,2,1,9,0,14,-1,8,10,5,0,15,11,-6,-18,0,3,14,-6,-16,-3,0,-12,-1,9,3,0,-10,17,0,-3,-4,4,4,1
0,0,-2,-2,3,-1,0,5,0,5,5,4,0,0,-1,0,-3,3,3,0,-2,0,3,1,-1,-1,-5,-1,3,4,0,0,1,1,0,0,1,2,-4,3,-2,-2,0,3,0,0,-4,-1,1
0,-3,-12,0,9,-2,7,-1,-5,5,5,3,-2,-4,0,3,0,-9,6,1,8,3,-2,-5,3,-5,-5,-5,-2,-4,0,0,3,0,-9,-12,0,-2,-22,9,-6,-6,-9,1,24,-1,7,-3,0
4,-2,0,0,-1,12,4,0,-2,0,4,0,2,0,1,-2,-2,3,-12,-7,6,-3,-11,8,5,7,0,6,1,0,-1,-6,3,2,4,3,0,-2,-4,-2,0,4,0,-1,3,1,1,0,1
5,7,0,-6,-3,-3,7,4,-1,0,3,3,5,-1,-1,2,3,-1,0,0,1,6,3,-6,-2,2,3,0,1,1,0,0,-3,-5,-1,-2,-1,-6,5,3,2,2,3,5,5,1,-4,3,1
-9,-7,4,-10,-4,5,7,-3,6,13,-1,-4,2,0,0,0,0,7,5,2,-5,0,3,10,-1,-5,-2,0,-1,1,2,6,4,0,4,-2,0,-2,4,-2,0,-7,-6,0,4,0,-1,4,0
1,0,-4,2,-1,-2,-15,-2,1,-10,-8,4,15,3,-4,-3,2,3,10,6,1,-5,0,0,-13,5,0,-13,0,1,1,-8,-7,3,1,-3,-1,-5,-16,-20,14,-7,-2,12,0,10,-6,-7,1
0,-10,1,3,9,1,-1,-2,2,-1,3,-1,0,0,-2,-3,-1,2,-1,4,-2,-3,2,7,3,-2,-14,-9,2,1,2,-3,4,0,4,-3,0,1,0,-1,-6,0,-7,3,-1,7,-2,3,1
-4,-3,-1,-5,0,0,-1,4,0,0,-1,0,-7,0,-3,-14,-17,-3,-1,2,12,5,-13,-14,-7,13,2,6,-7,-17,-5,7,-4,-12,-7,-12,3,21,10,6,-14,7,12,16,-5,-3,-12,-5,1
0,0,1,1,1,0,1,1,0,3,3,0,-1,1,6,2,-1,1,-1,0,0,0,1,0,1,0,1,3,0,-1,-4,0,0,0,1,0,0,0,0,-1,0,0,1,1,0,1,1,-1,1
-2,-5,11,1,-8,3,-2,7,0,0,3,2,1,1,-10,2,3,0,2,-2,-2,3,8,5,-1,-1,1,5,-2,1,-3,-4,0,0,-3,3,1,3,1,-1,0,-5,-8,-7,2,-6,-5,6,0
7,0,-3,-1,0,0,-3,1,1,0,1,1,-12,-17,-2,-7,7,6,-9,0,2,-20,-13,-6,2,-7,-7,11,9,0,0,0,-13,-3,-5,8,-1,-15,-10,-3,3,-3,24,11,-8,2,3,0,0
0,-3,-9,-2,-5,4,6,10,7,2,-1,0,2,5,-4,-2,3,5,0,5,5,7,0,-2,0,-1,0,-7,1,0,5,12,3,3,6,5,4,3,-3,0,-1,-3,0,1,3,5,-6,-2,0
2,10,2,1,-9,7,8,0,0,4,5,-5,-5,8,0,-1,0,2,2,-6,0,-1,1,5,2,-1,-11,-6,-2,-6,1,2,-5,-1,0,8,3,2,2,-4,-6,-2,1,1,3,0,2,4,1
-19,1,-5,0,10,-4,-5,10,-3,0,-6,0,-3,8,-1,-9,4,5,-5,4,1,3,11,-15,7,1,6,4,0,0,11,9,3,11,-2,-1,1,0,4,9,5,-1,6,5,1,-20,4,-14,1
-2,-1,2,3,0,1,1,0,-1,0,-1,-1,0,-1,1,1,0,0,0,0,-2,-4,0,4,1,0,0,0,-1,1,-2,-1,0,2,0,0,-5,-7,0,2,0,0,0,0,0,1,0,2,1
4,-2,-2,-3,-3,0,2,-4,-8,-10,3,1,5,4,0,-2,-21,0,-3,15,8,-4,4,7,-2,-3,-1,0,-6,-12,-4,1,2,4,5,0,-2,-5,-4,-4,3,0,13,5,-3,2,-5,-5,0
-7,0,2,5,0,-1,-6,3,-2,2,8,-6,-14,-2,0,3,-11,0,-4,3,6,1,4,-1,-6,-11,-8,-9,9,-6,2,11,-2,9,5,0,1,-8,6,12,9,-6,-2,-5,-2,-6,3,3,0
4,0,3,3,0,-1,0,2,0,0,0,1,2,2,0,-9,0,-5,-8,-6,3,-1,6,-5,-1,2,8,1,1,0,3,1,0,1,1,0,0,-8,-2,0,0,0,0,0,2,0,1,0,0
6,2,2,0,-1,-10,5,1,-2,-6,10,1,0,-1,8,3,-1,-1,2,2,1,-8,-7,-1,-3,-1,7,3,-2,0,-2,-3,-6,-2,2,-3,1,3,0,-4,9,7,-7,-3,6,0,-1,-2,0
1,-4,-1,0,1,11,4,3,6,8,4,-9,1,6,0,-1,-2,0,2,-1,-3,-1,-3,-18,5,-1,8,-1,0,-2,-16,0,0,0,-15,13,4,0,-1,-3,7,2,3,-1,-5,7,0,-2,0
-4,1,7,-1,0,-1,0,0,-1,0,1,10,4,4,2,-3,-1,0,0,0,1,-1,-1,0,0,0,-5,-3,2,4,0,0,-1,-4,5,-6,-5,1,-4,2,2,0,0,0,0,1,2,2,1
17,-6,11,0,-6,-6,6,3,8,3,-6,-2,4,-4,2,9,0,2,-1,-9,-10,0,0,-12,0,0,-15,11,16,3,-1,-1,0,-2,3,0,-10,-2,1,0,14,12,2,0,-3,0,1,6,1
2,-1,1,1,-6,-1,-3,1,1,-1,0,-1,-1,3,2,1,-4,-2,-1,3,1,0,1,-2,0,0,-1,1,0,0,0,0,0,4,9,9,0,0,-6,5,-4,0,-3,0,1,4,0,-1,0
3,0,-4,-6,-1,-3,-3,6,2,-1,-4,5,0,1,0,3,0,-1,-5,0,0,1,0,-1,-3,-7,2,3,0,0,2,2,-1,0,0,-2,3,3,6,0,0,1,0,-2,0,3,0,0,0
12,9,3,-10,0,3,3,-22,2,6,0,2,10,-2,7,-1,-3,0,-7,2,7,5,0,4,-14,-4,2,2,1,0,19,16,2,-5,0,8,1,-1,-9,0,1,0,-9,0,0,8,2,-5,1
-1,11,5,-2,-5,2,-1,-9,5,-5,-8,-4,-5,-8,-5,9,4,-7,3,9,-7,0,-7,-10,5,23,2,-5,-2,-6,-10,-11,9,-6,10,4,6,4,0,0,0,6,7,-4,0,6,-1,3,1
-1,5,3,5,2,-3,1,1,-1,-10,-4,2,-8,5,5,12,6,2,4,1,-8,7,-2,8,-3,-7,-1,5,4,2,2,6,-1,0,-2,9,-2,-2,-8,5,-1,-6,-4,8,-4,8,1,0,1
2,1,-2,0,0,0,0,2,0,0,0,-1,1,0,0,-1,0,0,0,0,0,0,-1,-4,1,4,1,0,3,0,1,3,3,8,-1,4,0,-4,2,0,1,-1,-1,0,0,0,-1,-1,1
4,3,2,-4,0,1,-7,2,2,-3,0,-3,1,1,4,1,0,0,3,1,0,-2,-2,-1,0,0,0,1,1,2,9,2,1,3,-3,-2,1,2,0,-20,-6,0,6,1,0,4,-4,0,0
0,-2,2,2,0,1,0,-2,0,0,0,0,-2,-4,-3,1,0,0,3,2,1,0,0,1,0,0,-2,3,0,0,0,1,0,0,1,0,0,0,0,0,0,-1,-7,3,0,2,2,0,1
9,3,2,-1,2,0,3,6,7,5,5,-3,-2,4,5,-1,-6,5,0,-5,0,-1,1,8,7,0,-1,-8,10,-3,1,0,0,6,9,4,-3,-1,-1,0,6,-15,3,2,8,3,-7,1,0
0,4,2,0,0,1,-2,0,-1,-1,0,0,-2,0,6,1,5,0,2,3,5,-5,3,1,0,0,-6,-9,0,2,1,0,-2,-2,-4,-1,2,3,0,-4,3,3,0,1,0,3,2,0,0
0,-4,-3,0,0,0,0,0,0,0,0,0,1,2,3,-1,-1,-4,1,-3,0,8,4,-8,-4,-2,6,2,-1,-1,3,4,1,-4,0,-4,8,3,0,6,1,-3,-8,-3,2,5,-2,-7,1
0,0,5,0,8,12,39,23,-4,21,-14,-2,0,9,-2,-3,2,13,6,2,-11,6,-13,0,1,0,0,6,0,8,0,0,3,13,7,8,-8,-3,0,-5,2,-6,-13,5,5,0,-1,6,0
0,3,2,-2,-2,1,6,2,0,-1,-1,3,1,-4,2,0,-2,1,2,2,11,10,7,0,-1,1,-4,-1,6,0,0,-3,0,0,0,0,10,9,0,2,-1,-2,-1,7,0,-1,5,-1,0
9,7,0,4,-2,-2,0,-4,1,1,0,0,-4,0,1,-3,0,-1,-6,2,0,1,2,3,5,3,1,0,2,3,2,-1,-7,6,5,6,10,6,4,-4,1,5,-1,-1,-4,-1,1,0,0
4,-1,2,0,0,-2,-5,-3,0,5,-4,0,3,-1,-4,-1,3,0,3,0,0,2,7,2,-5,-4,-2,-2,-1,0,3,0,0,0,2,0,0,-1,-4,-2,1,0,-6,-5,1,-6,-5,2,0
2,3,1,3,1,-2,0,0,2,0,0,0,-4,-2,0,0,-2,-3,3,1,3,1,0,-1,0,-1,-1,3,0,3,4,-2,0,2,3,-1,-3,0,2,-7,4,0,-7,0,1,-2,0,-8,0
5,7,0,-10,-1,-8,-1,0,3,9,-1,-1,7,-1,-1,5,23,-5,2,-9,-3,10,-4,0,8,3,-2,-8,-5,-6,-11,8,6,0,6,1,4,-8,-2,1,1,-4,-7,0,9,-3,-2,5,1
-5,-2,8,9,2,0,1,3,4,-9,-6,6,0,-2,3,4,-6,0,0,1,2,0,1,1,2,-5,1,1,6,-2,0,1,0,-2,-23,-3,2,9,0,1,5,3,1,-5,-1,2,-10,1,0
3,0,3,-4,-7,1,2,-1,2,0,0,-9,-5,-3,5,3,1,3,2,3,2,1,-1,-4,-2,0,-5,-1,-4,2,6,-3,-2,2,-2,-2,-1,3,4,0,-2,-1,0,6,-4,0,-4,-1,1
11,0,1,5,-2,2,-5,0,-12,-1,-2,-1,15,-3,-5,9,0,0,11,5,4,-4,-10,-10,10,4,3,-3,-14,-8,6,-10,0,4,6,0,8,0,-5,0,1,1,7,1,-2,-1,-4,-4,1
0,-3,2,0,0,-3,-1,-3,2,3,0,4,3,0,6,2,0,2,4,0,-5,-1,2,2,-3,-5,6,0,7,3,0,1,0,-2,-6,0,-1,-2,4,0,-3,4,3,0,-6,4,3,-5,1
-6,-6,1,-7,-3,0,-6,-10,6,-7,-21,-23,-10,-20,56,19,34,-14,-19,20,5,13,17,-3,-12,-9,-28,7,11,-5,3,12,-9,-6,-4,-1,-2,12,-6,-16,1,-10,-21,5,-14,-11,-8,24,1
3,-7,2,-20,-34,1,-4,-6,0,-7,17,-8,-6,4,-9,6,-4,-7,1,52,12,-4,10,-4,17,-6,-12,0,0,16,-5,3,13,-3,6,1,-10,-1,5,-5,-6,2,-3,4,3,9,-6,7,1
11,11,1,8,-1,18,-6,3,-7,4,5,-2,0,-2,-6,-5,-10,16,10,8,10,0,3,8,3,-4,-5,-2,8,-7,-6,-3,2,1,0,1,-2,5,3,-6,2,0,-16,-1,-4,6,9,-4,1
10,3,-3,3,0,-6,0,-8,-8,6,7,-3,-15,-7,12,11,3,-2,0,12,0,-6,3,0,6,9,3,-9,-4,-4,4,-4,1,4,-3,0,-7,0,-5,-4,-1,0,8,1,-1,0,-4,-5,1
0,0,-2,-1,2,2,1,0,0,0,-1,-3,0,1,0,0,0,3,5,3,-2,0,0,0,-2,-1,0,1,2,1,0,-3,1,0,-2,0,0,-3,0,2,-6,2,0,0,0,0,4,0,1
4,0,0,0,0,-2,0,-3,-5,5,1,2,-1,-3,0,0,0,1,-1,-1,2,1,-3,-2,-2,2,0,0,0,-3,3,0,0,3,2,0,0,1,1,0,0,-2,0,0,-1,-1,-2,0,1
-4,5,0,9,4,0,-2,0,4,-8,0,-3,-14,-1,-7,14,-1,-11,1,19,4,4,-4,-4,-4,9,-3,-6,0,-8,-12,3,-19,0,3,-8,-6,-12,5,-2,-6,11,10,9,-8,3,13,3,1
-1,10,4,-5,0,2,-6,0,1,-7,-1,-2,-7,3,3,2,1,-1,6,-1,0,-7,-2,0,-10,-2,-5,-4,5,1,-2,1,6,-2,-1,-2,-6,0,5,4,-6,2,5,1,-1,-3,1,0,0
0,3,2,0,0,1,1,-1,0,0,0,1,-3,0,2,2,0,-1,0,-1,3,5,3,3,2,0,2,5,0,0,-3,0,6,0,0,0,1,2,-2,0,0,2,0,0,0,0,-2,2,1
0,0,-2,1,0,0,0,-2,-4,1,1,-1,0,0,1,0,1,1,2,0,0,0,0,0,0,0,3,0,-1,0,5,5,6,-2,6,7,0,-10,5,3,0,0,-3,-11,1,6,1,-2,1
5,2,0,-2,1,2,0,-2,0,3,0,5,0,-4,0,0,1,3,-2,-1,0,0,2,-1,0,0,-8,-14,-3,-5,0,8,-2,-4,-3,0,-17,-2,-3,-7,-4,8,4,4,0,-8,-4,7,0
7,-3,3,1,-4,-2,-8,-7,3,4,1,-3,2,6,5,-2,4,11,5,9,2,-3,-1,-8,3,7,7,5,5,3,1,-11,5,1,8,-6,0,2,-6,-6,4,4,5,0,-9,0,7,8,0
-11,0,3,-5,-7,-6,-11,-8,-8,12,6,-8,5,6,-3,-18,-4,8,5,-2,-7,-15,-8,-1,-7,11,9,-11,-12,-10,11,7,0,15,8,0,-8,3,-11,-3,5,4,-1,0,8,5,-2,-14,0
-11,-7,-21,-13,19,-19,-14,-15,4,10,3,-15,12,17,-1,-18,-17,0,11,11,11,5,-1,-8,-2,11,15,42,33,-2,-12,22,-2,-4,-1,0,2,-2,-1,14,2,-7,-36,-12,1,0,40,-7,1
1,5,-6,11,17,27,-12,0,17,-5,-8,-27,-20,18,-2,13,12,1,-2,6,-2,-7,-4,7,-6,-3,4,4,19,4,-6,2,-5,-5,4,-1,-3,-3,-10,-14,5,7,-1,1,-4,3,11,0,1
1,-1,2,1,0,0,0,0,0,0,0,0,-1,-1,0,0,0,0,0,0,0,-4,0,1,1,0,0,0,0,-2,0,0,-1,-2,2,0,0,0,0,0,0,0,0,-1,0,-1,0,0,0
0,0,1,4,6,-1,0,0,1,0,-1,0,0,1,0,0,-4,0,2,0,-2,0,-3,-3,3,4,0,0,-1,2,1,2,-4,0,0,-1,0,0,0,2,0,0,-3,1,-1,1,3,-1,1
10,4,8,0,-10,-29,-15,13,1,-12,11,4,-7,5,-1,6,-26,0,-12,-22,-6,14,-29,-19,0,0,5,7,-14,13,18,-1,6,-12,3,2,-4,-17,0,3,-9,0,8,4,-9,-5,-1,9,1
10,4,3,-4,-2,-7,-4,-1,4,-4,5,3,-1,1,-1,1,-2,0,0,-3,0,-5,-5,-2,-3,5,-1,4,0,-4,-3,2,3,0,0,4,2,-2,4,2,-1,-7,1,-3,2,2,0,-1,1
0,-18,7,-13,-10,1,11,8,11,5,3,0,11,3,2,-5,6,0,9,3,1,0,0,-16,0,-10,-9,3,9,-1,2,0,12,8,-2,-1,0,0,-4,9,7,-6,-5,-3,-13,-2,8,7,1
6,-6,0,5,0,1,-4,5,6,4,1,-2,-2,5,5,-1,2,-3,1,-3,3,0,15,17,7,-1,6,0,-4,-1,14,0,0,-5,0,0,-1,3,1,-1,5,-31,-9,-33,-9,28,3,-2,1